conversation_id,n_rows,n_text_qc_flagged,starter,condition,exclude_first_human_qc_flagged,exclude_for_text_qc
conv_69047b8230ec81978e293aa69f2995920a957af157320d7c,1,1,author_1,berlin,True,True
conv_69047c3cb0808196a74dc1d21882c94d0471c3c89a474f34,1,1,author_1,berlin,True,True
conv_69047c6150d08196a443b70803cb73420e39d3a09fc59f01,1,0,author_1,berlin,False,False
conv_690481f821888196b63c1d98a6b7d2bc0b69a88388d54467,1,1,author_1,berlin,True,True
conv_690482a529a081969704a23a1f70fb150cb8b95f2f753ed7,1,1,author_1,berlin,True,True
conv_69048341d2608197a337a5a216a716f00b2bbc65822cb6e3,1,1,author_1,berlin,True,True
conv_6904a50f52348194a8105676abf484b408bd2a5c069cd1bb,1,1,author_1,berlin,True,True
conv_6904a569c1c48190ab09f885973b3a610ea967cf6f1f18a3,2,2,author_1,berlin,True,True
conv_6904a9851590819398aad57e2858a09e06d14919c5d8859d,1,1,author_1,berlin,True,True
conv_6904ade60e288195bef6b5b815fbe7cc00d0eb06ec2b71a6,2,2,author_1,berlin,True,True
conv_6904ba64bb908194bdd6473430ac4aca011536313b19ef9e,5,0,author_1,berlin,False,False
conv_6904ba9987bc8193bc64009cb7487a92005555ed176a33ea,5,0,author_1,berlin,False,False
conv_6904beb99cf08190917b38808e28a0c8005a45cd0c7076c3,4,0,author_1,berlin,False,False
conv_6904bf0445f081908e66dcb6ebe4969306ebd64a67a74441,1,1,author_1,berlin,True,True
conv_6904bf4fb3ac819598a90663f618cdad028f39a757aef9a9,5,4,author_1,berlin,False,True
conv_6904bf9d07dc819081d294364c5d87cb0ee4e7ce78a9399a,5,0,author_1,berlin,False,False
conv_6904d05deca08197a0a36667a8b30544047af0977c58d8c5,5,0,author_1,berlin,False,False
conv_6904d1520da88193b9840f2b32ec3b0b054d6ef556a5a286,1,0,author_1,berlin,False,False
conv_6904d22315ac8195bc753d41275affd10a3c7549f3e54705,1,0,author_1,berlin,False,False
conv_6904d25821e48193a6c043e8551dbaa40b1615f999386ebd,1,0,author_1,berlin,False,False
conv_6904d87d15708196b671a28cfca115e7051947d8fb9f5b27,1,1,author_1,berlin,True,True
conv_6904d90eec508190b43edb1ef50e22bc06487a8fef5668b5,1,1,author_1,berlin,True,True
conv_6904da0f9b7081939f5b6d7e370185360f707d1a40932fb3,5,0,author_1,berlin,False,False
conv_6904db04eb808195b21533d42950ebec02763bf8a1bd1264,2,0,author_1,berlin,False,False
conv_6904e227a2d88195ad9692f9fd2e23ad0f40095c390b5a88,5,0,author_1,berlin,False,False
conv_6904e3711c2481909a292bce33c12ea3083ae81d1a6ac27f,1,0,author_1,berlin,False,False
conv_6904ec9df9008195ae277776e66e6ba806f27ab844f08717,2,2,author_1,berlin,True,True
conv_6904ed00a8d0819380c67dff0dd1f62c05a2684bd9f000d9,1,0,author_1,berlin,False,False
conv_6904ee124dcc8190b90007f9aaf0f49804b95980ed1fc468,3,0,author_1,berlin,False,False
conv_6904eef428b08195aabdcf6550c91060034fb270f180b692,5,0,author_1,berlin,False,False
conv_6904ef891628819688a991b3980ca43b0fc68a1af341906a,1,0,author_1,berlin,False,False
conv_6904f063e37c81939527ed4f9be70f9303262c2aa52294b1,1,1,author_1,berlin,True,True
conv_6904f0bda6cc8196af52c2ed525bc9bf04c111469bbc240e,5,0,author_1,berlin,False,False
conv_6904f1b3b0808193ab4026242b90254e0e4752a2d6cd6998,4,0,author_1,berlin,False,False
conv_6904f2843bd48197837962d7494a90ef0f1b98df22a56495,5,0,author_1,berlin,False,False
conv_6904f3cbb29881959c8c1208cde108ce0f6c53d1d0f74c49,5,0,author_1,berlin,False,False
conv_6904f51cd0308196a22a5cede72a51560c3e5c3adc65f7c7,4,0,author_1,berlin,False,False
conv_6904f7c6c758819581318dc1a7ceb8ea0312d6917b3650eb,5,0,author_1,berlin,False,False
conv_6904f94a0d0081909af8239836bdc871048f78c2a0ca1fe5,5,0,author_1,berlin,False,False
conv_6904faee0b5c819689bde33a11a3d90b07b967be6c3a4ab3,4,1,author_1,berlin,False,False
conv_6904fc2e97c48195b394b797719f5f9a093367f58f0fef81,5,0,author_1,berlin,False,False
conv_6904fd4322548190b6ec3776b45b1a710095d7c372bc846c,3,0,author_1,berlin,False,False
conv_6904fe9853708194ad35ba77a7c0a6110d2a50c3e4df3677,1,0,author_1,berlin,False,False
conv_6904ff7de54c8190ad112cea3ae454ba0f0d47b6a11b271d,4,0,author_1,berlin,False,False
conv_6905005c266c8193807f3c4231f33e8e050ea7b0db8250cb,5,0,author_1,berlin,False,False
conv_690502a012f08193920ff94d6c40beb2031b5f65243c1992,5,0,author_1,berlin,False,False
conv_690502a892c48197abece785afe850b30db7afc4c38281be,5,0,author_1,berlin,False,False
conv_6905041b1bc08193af05e7a3cd9da8c20b8f22fbf87a852f,4,0,author_1,berlin,False,False
conv_6905052e68e88197adab6a29e71c42d50112dda52b9dbda0,5,0,author_1,berlin,False,False
conv_69050566c3088190904e42f8405e0bdf0db8cbbc6e1f16e6,5,0,author_1,berlin,False,False
conv_690508c3e9a0819082c811086620c453098b4b692fbfeca4,1,0,author_1,berlin,False,False
conv_690509582e488193b0a14d0012b45d8403fbc411a201a75c,3,0,author_1,berlin,False,False
conv_690509bd13748195b645f6eb6b72462500aa6d934e374112,4,0,author_1,berlin,False,False
conv_69050bc7a410819496ce4a4926b44a320bf975b2d3110403,5,0,author_1,berlin,False,False
conv_69050c394b448195972200ce71dd350f0341c405f7d0779b,2,0,author_1,berlin,False,False
conv_69050e635058819696043938e08ef6b108b2f1011e0408e8,2,0,author_1,berlin,False,False
conv_69050f3ece748197aea0ce2feef9709b0d5045bee84a5548,5,0,author_1,berlin,False,False
conv_69050fe4a02c81959e6ecb83b37bf3770e4f93652b10ae9a,1,1,author_1,berlin,True,True
conv_6905110108a481908390b6fc77059e5e04914c5a296c48b5,5,0,author_1,berlin,False,False
conv_6905118a4930819384ae97840d2fdc260185aad1ac944f6b,5,0,author_1,berlin,False,False
conv_6905131b2a4c8195a14f652ab39099480be8835770ccea2d,5,0,author_1,berlin,False,False
conv_69051449d8608194afc17fc765fc4de2023b8095a0470143,4,0,author_1,berlin,False,False
conv_6905145c73888196956aa7ced26162d803cc6d042d75f3de,5,0,author_1,berlin,False,False
conv_690515b8a99081938e4f866db2694e030c3bf59def78e49b,5,0,author_1,berlin,False,False
conv_690515e65e648194894a025639772a38097c5c5c8665df91,5,0,author_1,berlin,False,False
conv_690517dcfe7c81908499850fb8be294b09bcbe261cf6164f,5,0,author_1,berlin,False,False
conv_6905190de2dc8194933d452feb663f7f01cd481dfdfc0fcc,1,0,author_1,berlin,False,False
conv_6905195044508195be1f5a719bb7e18206a95c1fbab8b75b,5,0,author_1,berlin,False,False
conv_690519bdb29c81938d80f73cac565e8500e9a9011c9a07e2,3,0,author_1,berlin,False,False
conv_690519c72b088194b401b957c2069c3c0458ab45613287bb,5,0,author_1,berlin,False,False
conv_69051a825dc08194afa533a89ec974110ac68988ff6d6159,5,0,author_1,berlin,False,False
conv_69051ac59e8c819482eea0f410447b52090526ee24447cd1,5,0,author_1,berlin,False,False
conv_69051bf4b7048190a878c3e964a3201907d670bab588430b,1,1,author_1,berlin,True,True
conv_69051c13cf60819396190282f49a3b4602cb64731fd33f66,5,0,author_1,berlin,False,False
conv_69051c20b2548194aa8454d93807d0970c7fcf4a19002287,1,1,author_1,berlin,True,True
conv_69051cb4040081968bd473c9a0f71fbe007f34311f92fce0,5,0,author_1,berlin,False,False
conv_69051e020f0c81958ec5bd715ef72bb30ce15708d49ba428,1,0,author_1,berlin,False,False
conv_69051e446ba88194945f31c426b2af12047b842a5f2e87dd,1,0,author_1,berlin,False,False
conv_69051e71dc1c8190800171657a4e2e7b08dc410bb2ef4244,5,0,author_1,berlin,False,False
conv_6905200b7b8c8197b8d39df0c05ae9750422a7bf038670cf,5,0,author_1,berlin,False,False
conv_6905207596fc8194ace37c498f5e197b044e963908c22d27,2,0,author_1,berlin,False,False
conv_6905214fd69881968484e003ec63de2509008de3c81af6c1,5,0,author_1,berlin,False,False
conv_690521e305ac81908710818d5cf138410d3b760cce835efa,5,0,author_1,berlin,False,False
conv_690522ac479c81938bad6584a5768f3d0f8906e60b0501e4,4,0,author_1,berlin,False,False
conv_6905230df0c881959efd67e9952278d00a75fe02c72ff408,5,0,author_1,berlin,False,False
conv_69052512fe70819695d140a28c241f1c0fbde69f67509578,1,0,author_1,berlin,False,False
conv_690525d451c0819088536b0a9cead04704ea0cdaeb30093a,2,0,author_1,berlin,False,False
conv_69052659077081948fb742a314f28ddd0ef103f62f6c10c1,5,0,author_1,berlin,False,False
conv_6905272737e48197ba37d3f5aada0b7e0a31538878885330,5,0,author_1,berlin,False,False
conv_690529cf949881908719c47c440fc9d8057333d68cfe58ec,5,0,author_1,berlin,False,False
conv_69052b30239081959a013cb6bb361071020a731d734c9b24,1,0,author_1,berlin,False,False
conv_69052b9284e48190a6519434446e8afc01011fa7a4b6fa5f,5,0,author_1,berlin,False,False
conv_69052c8a08a0819398a33a3e67cb3653048e803a3adf1baf,4,4,author_1,berlin,True,True
conv_69052d61a120819495f8bd381744eaa70e550f3b04cb72cb,1,0,author_1,berlin,False,False
conv_69052ddaa808819483c354658c959d7007859f18c973ca4b,5,0,author_1,berlin,False,False
conv_6905302074f48195818b4ce6f6b1a9220ac49c866df35ed2,2,0,author_1,berlin,False,False
conv_6905dc286ee881908d133ab7467686300193fe3ec0628faa,5,0,author_1,berlin,False,False
conv_6905dc43d4c88197ac6045bca660fbed04627ca3eafc0548,5,0,author_1,berlin,False,False
conv_6905de9cdae88194b66a053a9739f45e05d5dc07ffe8cb09,4,0,author_1,berlin,False,False
conv_6905df07dbdc81939e06d287cf68a38409bc33370d883ac7,5,0,author_1,berlin,False,False
conv_6905dfb2c8ec81969f7ad306a899969f092eae5e92ab0308,5,0,author_1,berlin,False,False
conv_6905e09a79a08193a8348a8b26dc143101cc0798150d25d0,5,0,author_1,berlin,False,False
conv_6905e1dc3b8881969005afdb701e039b0496e71c3d8a97d5,5,0,author_1,berlin,False,False
conv_6905e285620c8195b356e8c3a6c62ac507897a0317ffcea5,4,0,author_1,berlin,False,False
conv_6905e37bcb208195896cd5908d69bf92087e1372ae89a61a,5,0,author_1,berlin,False,False
conv_6905e41933c48195b6271bf071e038c5065ebea084c20a6c,1,1,author_1,berlin,True,True
conv_6905e4b7f2188190992b9fc2f0becd5f0ea1a6767a4f7c28,1,1,author_1,berlin,True,True
conv_6905e5457f448196bf229a025b7b8cbb03e6e1b2959e65f9,5,0,author_1,berlin,False,False
conv_6905e5e0be948195aac46772fc95d15b0b7f2bc41c07b530,1,0,author_1,berlin,False,False
conv_6905e66382c88195b9ffca841edf8672011c2316082f14a4,5,0,author_1,berlin,False,False
conv_6905e6ac6bd08197bb9db06194332c280f919e5531afe589,4,4,author_1,berlin,True,True
conv_6905e81e86bc81908fd4e72d4704770b00a59cdc393f19dc,5,0,author_1,berlin,False,False
conv_6905e843257081978ca5c257e2f0e6e30a778d08bcf9f524,4,0,author_1,berlin,False,False
conv_6905e9736af8819093149d926b45f55402f60e89df5fad5a,4,0,author_1,berlin,False,False
conv_6905e99599108194ba9082e997ce939807f65ba2d266fcf8,5,0,author_1,berlin,False,False
conv_6905ea7f22348190b0b8c790e829d5e90620cd1a6d42c2b5,4,0,author_1,berlin,False,False
conv_6905eb7a906c8190b7eadf5b78fbba0f0447ddd6432edc17,1,0,author_1,berlin,False,False
conv_6905ec0339608197909090adad84dc1106d47cd2cb498d69,3,0,author_1,berlin,False,False
conv_6905ed648f60819680b6013d60fb95720e86eb75705b253a,4,0,author_1,berlin,False,False
conv_6905ed807fc0819597cb065fdeb76a6101861c2cbf9080df,4,0,author_1,berlin,False,False
conv_6905eee9ff148194b2fe52b996ba0727057b697b2d646434,5,0,author_1,berlin,False,False
conv_6905ef65a02881938f0f143f2d781b340bfc5aacf481a787,5,0,author_1,berlin,False,False
conv_6905f0e8e3088194b2a214e2c14e9bc5033a9fcb30f58249,5,0,author_1,berlin,False,False
conv_6905f2c361008196b2fa55a4462ac8f9070d381a7aeb1fba,5,0,author_1,berlin,False,False
conv_6905f2f7a3e48195bae2fc58c47295e008611db5d121135e,5,0,author_1,berlin,False,False
conv_6905f405fb28819583512186d33cd77008df98f5136d1c2f,5,0,author_1,berlin,False,False
conv_6905f477f2508190bc3ca5a2eb48395407811e713642fec3,5,0,author_1,berlin,False,False
conv_6905f5f8ed60819099e143bac867ed4300ec77e3d606d0d3,5,0,author_1,berlin,False,False
conv_6905f7c3c5588195a6022643de45745a0112e427363fe5a4,5,0,author_1,berlin,False,False
conv_6905f90be7d88194b0db5860a48c8f5c0697256905e6fe66,5,0,author_1,berlin,False,False
conv_6905f953f5f88196b26cf7b27522a03f0dbd014bcd10c3f1,5,0,author_1,berlin,False,False
conv_6905fb11c3fc8195be9e2153216623d600bf65ae89015485,2,1,author_1,berlin,False,False
conv_6905fd07808c8195b8cde3e3128c8ef107e004bb4c8d8b6b,4,0,author_1,berlin,False,False
conv_6905fde49274819495847afb828e47480c34d224dd062098,5,0,author_1,berlin,False,False
conv_6905ff67f3dc8197a486a104ed7dfef30357a54387b545b9,5,0,author_1,berlin,False,False
conv_6905ff885a5c8197b6ba14efe3e22dc5065958ec116fcde3,5,0,author_1,berlin,False,False
conv_690600f6870881958e9cdd164d9c63ff0312ce396b6a8916,5,0,author_1,berlin,False,False
conv_6906016710c4819783980468fe61c1520d730c8d17410a1f,5,0,author_1,berlin,False,False
conv_690603324bc88197825de259281f10360b70661459dbd974,5,0,author_1,berlin,False,False
conv_6906038d81308196a900844b64126e4b033250c3eeb6b2d2,5,0,author_1,berlin,False,False
conv_690605fba7d48193a5a7dbcad93abbe5020edc83caded283,3,0,author_1,berlin,False,False
conv_6906060493dc81978eba211f79d1466c0a7882143b7b2499,5,0,author_1,berlin,False,False
conv_690608bcd4948190b0e0537c8efcb2890bfa6746cc6c155a,5,0,author_1,berlin,False,False
conv_69060903cd648190b608b1c4f5e2c04f029470a2bc5e25ae,4,0,author_1,berlin,False,False
conv_69060bf449c48193b8787a040f2c6cff04d2228b8948f6a3,5,0,author_1,berlin,False,False
conv_69060d74ac74819697c8c9f8037f008c05d2c0ce4d70f6f6,5,0,author_1,berlin,False,False
conv_69060e082150819686d3a178a563b9d20cc625429a781144,5,0,author_1,berlin,False,False
conv_69060fc254348190a95b487b0feb7d8d0b18e00dc9d9b394,5,0,author_1,berlin,False,False
conv_69060fdd30bc81948a1a502ca8e14d870fe20fcf317baabd,4,0,author_1,berlin,False,False
conv_69061147effc8195a0851bc840d7659e0015e7d2e4dbaca9,5,0,author_1,berlin,False,False
conv_6906125511dc8194b7e86b2ceb2db9230f2679a68bc9828f,5,0,author_1,berlin,False,False
conv_690612ba3d188194a31ba076907f440b06b3fa5203bdfe19,5,0,author_1,berlin,False,False
conv_690613eba1a4819585f7582cf4f5889f0c88ddd116445b79,3,0,author_1,berlin,False,False
conv_69061482ee1c819097b31a2de04bf2e00cb21cbae7eef217,4,0,author_1,berlin,False,False
conv_690615f940948193b7bc8a56d5a2c97301cf548465e29916,4,0,author_1,berlin,False,False
conv_6906162d367881949deb22032aa59e550b3635db72909930,5,0,author_1,berlin,False,False
conv_690617b5f8f48195992ca7ccd80f1b0806edb95a7220efd5,5,0,author_1,berlin,False,False
conv_690618f1a11c8193afdfa2d62fc8a2ce06bbf4220f93f675,5,0,author_1,berlin,False,False
conv_69061adc0f188197ac2d1ee16bb67ce704037da1811f93ec,4,0,author_1,berlin,False,False
conv_69061c14b67881978eb819a6b2af49960fa6d7b85119446f,5,0,author_1,berlin,False,False
conv_69061cbb2a8481958fb515e6d894fcd501f93320d96b2c1d,5,4,author_1,berlin,True,True
conv_69061e0579fc8197b7d09bd602ef16d70b5fe3b9324e54cc,5,0,author_1,berlin,False,False
conv_69061eb76e3481939625e252017a87da0357c4805ade0537,3,0,author_1,berlin,False,False
conv_69062012c8888193865bbdf0a767c6cf0521c2986ae7d99f,1,0,author_1,berlin,False,False
conv_690620eca4088194b5740e88a1555abb0cf0405970b7ae3c,5,0,author_1,berlin,False,False
conv_6906211fe8208195958baa5498d8fa870b4f3980ab401849,2,0,author_1,berlin,False,False
conv_6906223e16348195be25b592e77c731b073bbf0c11ffd6d0,5,0,author_1,berlin,False,False
conv_69062518b97081909c88f73b0786cbf50c51a222b23f5d1f,5,0,author_1,berlin,False,False
conv_690625a610e08194b21ef3d28df7f02a0225a42be85ccb3d,1,0,author_1,berlin,False,False
conv_6906264528348190a9fea2c5db20a1d20c2c3ed58bc4723f,2,0,author_1,berlin,False,False
conv_690627f3a9f08194977b3401d25fb5410bf5246a9b4565ab,2,0,author_1,berlin,False,False
conv_690629a948a08193bfdce68f096418a1071ddd4817e7f80c,5,0,author_1,berlin,False,False
conv_690629a9d1048193a82bb47357300157012151cc1b1e83af,1,0,author_1,berlin,False,False
conv_69062a2cd540819799b99254b3bd43ea0edc6e1368bb1a5f,5,0,author_1,berlin,False,False
conv_69062b3fc2d881948bbeb6288933d1fe0d925d6bf66ce0bd,4,0,author_1,berlin,False,False
conv_69062c65d4588196925ab2ccb2384f96094054d970636eb4,5,0,author_1,berlin,False,False
conv_69062d09ede48194af3f88c5e5b74c6505a06028785744ab,3,0,author_1,berlin,False,False
conv_69062e7dd198819493b77bdd470d2e9b06691704f507b2f4,5,0,author_1,berlin,False,False
conv_69062f932b748195b4b135206100546e0a736fbab16bd5f0,4,0,author_1,berlin,False,False
conv_69062f96442081939b32d8df1fa5771e0af81c6f475a5983,3,0,author_1,berlin,False,False
conv_6906307195bc819787a21369b74d1ee50cfd4f03aff9804f,5,3,author_1,berlin,True,True
conv_69063135407481968ffe806291fcf97e0f8e99003273869c,5,0,author_1,berlin,False,False
conv_6906326be90081959274f5866b02e7ce02da78fc35e0a069,5,0,author_1,berlin,False,False
conv_6906327eba048193badb10ed076b56bc0e2dd618e458c099,2,0,author_1,berlin,False,False
conv_69063417c3008190b50d2f96309da568012f44e623f8486e,5,0,author_1,berlin,False,False
conv_690634c4c37081968fc65617a68d3ea20b1cb9fa37f925ea,5,0,author_1,berlin,False,False
conv_6906370756348196bec29a38b62e464e0c1ace5f745ae5e0,3,0,author_1,berlin,False,False
conv_69063737620c8195a330df525200f843090f66aa35065cef,4,0,author_1,berlin,False,False
conv_690637bccb4881908b03ae112e72560d0ce86ed27dcb5420,5,0,author_1,berlin,False,False
conv_6906391a24488193b73a6219c0b1660c02a7b560f667bb78,4,0,author_1,berlin,False,False
conv_69063a9662248195a8f955a95be569900f4db02faeb0e530,5,0,author_1,berlin,False,False
conv_69063c2adad88193afdcbecebbfaf2e501aef9c20cd6ba6e,4,4,author_1,berlin,True,True
conv_69063c952d608194b7e524d15c38836f068be60957a063d4,5,0,author_1,berlin,False,False
conv_69063db0eab08190b557c5b00b764a8500b6ca97abd61c0e,5,5,author_1,berlin,True,True
conv_69063e9a264c8197938263ed50edee4e080a7958fb13a8eb,5,0,author_1,berlin,False,False
conv_69063f68591c8190b4d187261f839aef08e3bb88c8c068cb,2,0,author_1,berlin,False,False
conv_69063fd2219c8196a0bdef07b75901920f9696a745cc35d4,5,0,author_1,berlin,False,False
conv_690642587a808194a02c17e37a17f56a0273bf7d6102a673,5,0,author_1,berlin,False,False
conv_6906450c4a3c8194b0213d674fab127800e248a978b2b3cd,5,0,author_1,berlin,False,False
conv_6906473d1b588193970994285aa4c0470be7be3c9cca90d1,5,0,author_1,berlin,False,False
conv_69064872a9348197b83b2179615895080e1d73b177f35dc2,5,0,author_1,berlin,False,False
conv_690649474aec8197b5055799cf0a195a0fdf441ff351bd63,5,0,author_1,berlin,False,False
conv_69064b3f4bc48193a768f76acde8f6fc03ce6e8554b1d728,5,0,author_1,berlin,False,False
conv_69064b6ecf8c819794a25b24e29a1cb30186913a2813c213,5,0,author_1,berlin,False,False
conv_69064de5b7a88197b169c0ff91cd50f709f28431d5609a54,5,0,author_1,berlin,False,False
conv_69064e8ed7908190b6bd1b5c5092a16c060c9350ea08548b,5,0,author_1,berlin,False,False
conv_69064ff055e0819087286051b29984a60f567fe77a349b25,5,0,author_1,berlin,False,False
conv_69065172b1a88190bd0ae0b9ce01e18a0d0c3e20b8c79421,3,0,author_1,berlin,False,False
conv_6906529040608195bb9bb3756cdb3338068fa97571c4fd9c,5,0,author_1,berlin,False,False
conv_6906532d3f588193b5b1e0b587b01ccc0b3d77954970b668,1,0,author_1,berlin,False,False
conv_69065468dd50819592b1bac16f2930bb07ae5fc7814dc229,5,0,author_1,berlin,False,False
conv_6906557c18b8819696de71e083f9a5fa09b54c0b8eb49917,5,0,author_1,berlin,False,False
conv_6906586442948197bc56dd0ad9e60cb609486894e2f8bca7,5,0,author_1,berlin,False,False
conv_690658925b588196a0c910d67ca291ce0f80c836b446d20c,5,0,author_1,berlin,False,False
conv_69069b53cb4081969b7cf87e6596c7ce0671a169856a9570,1,0,author_1,berlin,False,False
conv_690725368f048190b579f87fff57cd2f07c6a5b263341af4,3,0,author_1,berlin,False,False
conv_69072643bb9881958c5c54e100a5948606fa59d23e47734a,5,0,author_1,berlin,False,False
conv_69072b8205148197b2795305f07e92e20f25119a55df73ea,5,0,author_1,berlin,False,False
conv_69072bda6f308190bfd9a4d76af8234d08f4ec052a506318,5,0,author_1,berlin,False,False
conv_69072dfdb5fc8194bc7abb962acbf788070218575f190471,5,0,author_1,berlin,False,False
conv_69072e2b93688193a8fb65e0baa392e6058c09fbb9c04510,4,0,author_1,berlin,False,False
conv_69072f9597a881968144ca749d2da5190b59489010c4cf60,5,0,author_1,berlin,False,False
conv_69072fbe40e08196b4f8498da2a85fff0cb3233d5a793b3b,5,0,author_1,berlin,False,False
conv_6907317bdf14819383cf2920ddf1cbfa0623aeb7d0e60287,5,0,author_1,berlin,False,False
conv_6907325cc864819788f7dfa5b9204ffb031e4a61a4455781,4,0,author_1,berlin,False,False
conv_690734166d048195b0721b203be25fa505374a3fa8403803,5,0,author_1,berlin,False,False
conv_6907365523788196aa2e82e617ac5b3a0a633a53c749a898,5,0,author_1,berlin,False,False
conv_690736e28ce8819092df0a9c7b6398ca07373c81491a691a,5,0,author_1,berlin,False,False
conv_690738705d4c8197b30211acf2962d1708d81b9389ada649,4,0,author_1,berlin,False,False
conv_690738a7712881948beed5bc8ded60cc028465fb75c6bd18,5,0,author_1,berlin,False,False
conv_69073a7d03108194b390cf6db6b3e2b205fccd9a4497c801,5,0,author_1,berlin,False,False
conv_69073b332a00819681afe70ff59fff6406ec92ecbfac153a,4,0,author_1,berlin,False,False
conv_69073c5d5ccc81979dcd8431240434e9041c19eb94f1de0b,4,0,author_1,berlin,False,False
conv_69073c84ccec81908acb9ff3732fc88f0d6f5771f8e9cee6,2,0,author_1,berlin,False,False
conv_69073d55e36881939c97f1e071a006e602d21a553ea952ff,5,0,author_1,berlin,False,False
conv_69073d93d8188196b7049ae489d6801a020ce13b90c2c86c,4,0,author_1,berlin,False,False
conv_69073f0b29848194b73817edcafd86b10aa953ac81148266,5,0,author_1,berlin,False,False
conv_69073fa928a88190b1ebe5bde3db22250493930ef5523d31,5,0,author_1,berlin,False,False
conv_6907410238fc81949439db6a5d139d9f052f475cc2380d88,1,0,author_1,berlin,False,False
conv_6907415edb808197a4bb575342a765730ad2acd408601880,4,0,author_1,berlin,False,False
conv_69074649dd9081949530d014c8905de50d55d9cefddb3de2,1,0,author_1,berlin,False,False
conv_690746840fe881978409e5465073451309b9f8461d10273d,1,1,author_1,berlin,True,True
conv_6907473d589c8197adcceadea980c6460f1f0c16a49cf4a7,5,0,author_1,berlin,False,False
conv_69074752db008194aea946209e73f89c01f4b64cf9774d31,5,0,author_1,berlin,False,False
conv_69074908ef9c8194ad00ecadc6bbfd0b028c151b2e370362,5,0,author_1,berlin,False,False
conv_6907496b871c8197b2a44406d30ce8170b35be627aed34ec,1,0,author_1,berlin,False,False
conv_69074a82fe348197b377769774b9afee07426126199ed199,5,0,author_1,berlin,False,False
conv_69074c948fa88196bb882318f141c6640dedac5240f84c4e,5,0,author_1,berlin,False,False
conv_69074cf59a708195bce767d2662c22230332279f85afbb14,1,0,author_1,berlin,False,False
conv_69074e09f7e48196834c3a5bb7976b1f0cf3f838c26ea3bc,5,0,author_1,berlin,False,False
conv_69074f4e95b08190a7c1dc2e1a7ab8ad0d8c078a8531938d,5,0,author_1,berlin,False,False
conv_69074f67d0688194b0dd21a2c00e015a05773bd60bedcd9e,4,0,author_1,berlin,False,False
conv_69074fdb10ac8197a57716e5742abf0a0366761f75d95cf2,5,0,author_1,berlin,False,False
conv_69075134cd608190809925a0392f7ea10c2d8fe2563d0f76,4,0,author_1,berlin,False,False
conv_6907527505a88193b9b844e00f2ee5740c42104d091707d5,5,0,author_1,berlin,False,False
conv_690752b8d4108190be9a6b3d8796365f0b609f4f53010e64,5,0,author_1,berlin,False,False
conv_690754b535548190869c4721ded0277803a6ecb42e78d33b,5,0,author_1,berlin,False,False
conv_6907568b7c4481948961e9add4b6724c02b1e5096d7df0a7,5,0,author_1,berlin,False,False
conv_69075809520c81939cad9aa8ebf5815a0ef0f612ba289c1b,5,0,author_1,berlin,False,False
conv_690758dc918881908157f1c70fc3370601d5bda3ce80345f,4,0,author_1,berlin,False,False
conv_69075c636edc81958a3a61080c2306810f8e4ed05b1559fd,2,0,author_1,berlin,False,False
conv_69075f36e6c48197bc7a81582e00e19708a68530003701da,1,0,author_1,berlin,False,False
conv_6907618672648190a2748820a62e1dda03577a9bc6c9883a,5,0,author_1,berlin,False,False
conv_690761e28d5481979cd55676a9c13a0d06933ee762b7cbad,1,1,author_1,berlin,True,True
conv_69076261d6b48190aa4fcac5653eed070656cc869200b194,2,0,author_1,berlin,False,False
conv_690763662f54819396cae83dfecc0fef0af0a20e658c7714,1,0,author_1,berlin,False,False
conv_690764ffbe34819795e9d613be7168a30606871206792452,5,0,author_1,berlin,False,False
conv_690765d1e4848193990bac090c14c0690b8f276498474225,5,0,author_1,berlin,False,False
conv_690767a3ceec8194bdad7737ef03446c0878f46a6e3c836a,4,0,author_1,berlin,False,False
conv_690768d60fe481948b926f4276694c220fde383284dcb08c,5,0,author_1,berlin,False,False
conv_690769da35808194a93b55165a58cfb80f1780bd7d50a367,5,0,author_1,berlin,False,False
conv_69076a70df0881959b9f416b9efb16720d1b2d76126aae87,5,0,author_1,berlin,False,False
conv_69076ae1ee5881948a2d4f42dc1b6f5d092678b388e84b44,5,0,author_1,berlin,False,False
conv_69076c1e5ae48195b8d34eb8844905ea0ce8d6d4877b2efe,1,0,author_1,berlin,False,False
conv_69076cb03dd481939d492b278aafc10209069dbf3337da0f,5,0,author_1,berlin,False,False
conv_69076dacfb30819592bb06422267dd900ca0023864162e43,2,0,author_1,berlin,False,False
conv_69076e06c67c8190aba1b81ad79d0934001cacdd99164759,1,0,author_1,berlin,False,False
conv_69076e1f966c8195a8d567061cb1adb404f0aaf547e8eb82,4,0,author_1,berlin,False,False
conv_69076f8b038c819593b7b88baa500c9904c7676e41a6dbbe,1,0,author_1,berlin,False,False
conv_6907701b2c4881909156b347b5fb2b7e078c76bc699fd454,5,0,author_1,berlin,False,False
conv_690770493a548196836b47b11f079b270b7124c627956687,5,0,author_1,berlin,False,False
conv_690771ac275481959d2c5538da13c3c2092dbe3a7106922b,5,0,author_1,berlin,False,False
conv_690771b0761c8193adbb44ed8f4811f30889eb168d8785c7,1,0,author_1,berlin,False,False
conv_6907737659348195bfd19ed47b09e91e0eae27c71dd78e86,5,0,author_1,berlin,False,False
conv_690774185d048196abf58520c238f3110c2477668791c75d,5,0,author_1,berlin,False,False
conv_690774f393688197a2dd48570e262cd50f16cfa0cadd6b0e,5,0,author_1,berlin,False,False
conv_690776b553c88195a34e8640296305570ad00543ef007293,4,0,author_1,berlin,False,False
conv_6907780b12a88197b4bcbd9004e478120390aff3fa071fbc,5,0,author_1,berlin,False,False
conv_6907789380088190ad46117e3997be5b0a7d381fa5cfeea0,5,0,author_1,berlin,False,False
conv_69077aec11988194aee007e6d6e658e1046183cc30a90839,5,0,author_1,berlin,False,False
conv_69077be0daec8195bb918e6866f7d38a0b48b407f6e0bdd0,5,0,author_1,berlin,False,False
conv_69077cb08a9081938e10539579639b400d31215f3c81724a,5,0,author_1,berlin,False,False
conv_69077e59cdf08195957319ff7ca1f9db0ddc7628606d26df,4,0,author_1,berlin,False,False
conv_69077ff3df7c819684bbbbe65e484fe909edc919dab6efc8,1,0,author_1,berlin,False,False
conv_69078177471c8193a7ab356754a7efdd0845c58f28ac9368,5,0,author_1,berlin,False,False
conv_6907846bd0448195af80dcfe551ade8304416275f412ec87,5,0,author_1,berlin,False,False
conv_690786576c608196abbbfe9b638ad2070fddf508eb51be2c,1,0,author_1,berlin,False,False
conv_6907875837a8819699c23ae30db9af290003a55dbe4aaca6,5,0,author_1,berlin,False,False
conv_690788b14870819381644fa048ea252903b547aad7c8b934,5,0,author_1,berlin,False,False
conv_690788cfe4ac8194ab354b9af42258ea04e68b6d520dbb5f,3,0,author_1,berlin,False,False
conv_69078a0166f48190a1be3356ac52e52c0416fdfa9a96c0b6,5,0,author_1,berlin,False,False
conv_69078a729c18819698bd41340913a0d701ba4045c5e90149,5,0,author_1,berlin,False,False
conv_69078d5e82cc819796d22f3c0b13c76a0fc3524c4109d6fb,1,0,author_1,berlin,False,False
conv_69078ea409d48190a2af498623e5b17d060b1dc4f2bb3c21,3,0,author_1,berlin,False,False
conv_69079948404881978bae7647f988f1a608441f8009841233,4,0,author_1,berlin,False,False
conv_6907a8487c348195bb8533a416f816860f82e6656728fc14,3,0,author_1,berlin,False,False
conv_6907b0e697648195903cff2f1d6046f50e99a511ae3ba965,5,0,author_1,berlin,False,False
conv_6907b2af322881978feaed33e188305a0e8ad8734b882b98,4,0,author_1,berlin,False,False
conv_6907b36e4d1881979a51325cd45299860cc09d3c40a9380c,5,0,author_1,berlin,False,False
conv_6907b5665c588193a0e78850b23a0f4d0db1cb8e4bfae4b3,1,0,author_1,berlin,False,False
